statecode,countyname,bldg_count
AK,Aleutians East Borough,4
AK,Aleutians West Census Area,7
AK,Anchorage Municipality,3443
AK,Bethel Census Area,14
AK,Bristol Bay Borough,9
AK,Denali Borough,19
AK,Dillingham Census Area,8
AK,Fairbanks North Star Borough,521
AK,Haines Borough,17
AK,Hoonah-Angoon Census Area,10
AK,Juneau City and Borough,166
AK,Kenai Peninsula Borough,549
AK,Ketchikan Gateway Borough,87
AK,Kodiak Island Borough,37
AK,Kusilvak Census Area,1
AK,Lake and Peninsula Borough,3
AK,Matanuska-Susitna Borough,648
AK,Nome Census Area,8
AK,North Slope Borough,15
AK,Northwest Arctic Borough,4
AK,Petersburg Borough,11
AK,Prince of Wales-Hyder Census Area,11
AK,Sitka City and Borough,43
AK,Skagway Municipality,7
AK,Southeast Fairbanks Census Area,32
AK,Valdez-Cordova Census Area,53
AK,Wrangell City and Borough,7
AK,Yakutat City and Borough,2
AK,Yukon-Koyukuk Census Area,9
AL,Autauga County,348
AL,Baldwin County,3370
AL,Barbour County,183
AL,Bibb County,97
AL,Blount County,266
AL,Bullock County,44
AL,Butler County,188
AL,Calhoun County,1313
AL,Chambers County,210
AL,Cherokee County,136
AL,Chilton County,418
AL,Choctaw County,47
AL,Clarke County,182
AL,Clay County,47
AL,Cleburne County,76
AL,Coffee County,331
AL,Colbert County,799
AL,Conecuh County,72
AL,Coosa County,40
AL,Covington County,217
AL,Crenshaw County,73
AL,Cullman County,610
AL,Dale County,315
AL,Dallas County,300
AL,DeKalb County,314
AL,Elmore County,536
AL,Escambia County,309
AL,Etowah County,1057
AL,Fayette County,62
AL,Franklin County,161
AL,Geneva County,121
AL,Greene County,33
AL,Hale County,46
AL,Henry County,91
AL,Houston County,1308
AL,Jackson County,244
AL,Jefferson County,11937
AL,Lamar County,47
AL,Lauderdale County,735
AL,Lawrence County,109
AL,Lee County,1102
AL,Limestone County,431
AL,Lowndes County,45
AL,Macon County,78
AL,Madison County,4117
AL,Marengo County,153
AL,Marion County,182
AL,Marshall County,726
AL,Mobile County,7054
AL,Monroe County,102
AL,Montgomery County,4151
AL,Morgan County,1180
AL,Perry County,52
AL,Pickens County,57
AL,Pike County,256
AL,Randolph County,98
AL,Russell County,399
AL,Shelby County,2660
AL,St. Clair County,805
AL,Sumter County,50
AL,Talladega County,1184
AL,Tallapoosa County,256
AL,Tuscaloosa County,2257
AL,Walker County,452
AL,Washington County,50
AL,Wilcox County,35
AL,Winston County,117
AR,Arkansas County,120
AR,Ashley County,89
AR,Baxter County,523
AR,Benton County,3418
AR,Boone County,256
AR,Bradley County,70
AR,Calhoun County,25
AR,Carroll County,346
AR,Chicot County,49
AR,Clark County,187
AR,Clay County,70
AR,Cleburne County,309
AR,Cleveland County,31
AR,Columbia County,169
AR,Conway County,130
AR,Craighead County,1445
AR,Crawford County,435
AR,Crittenden County,743
AR,Cross County,80
AR,Dallas County,46
AR,Desha County,58
AR,Drew County,126
AR,Faulkner County,1528
AR,Franklin County,95
AR,Fulton County,33
AR,Garland County,1615
AR,Grant County,121
AR,Greene County,240
AR,Hempstead County,163
AR,Hot Spring County,218
AR,Howard County,71
AR,Independence County,175
AR,Izard County,46
AR,Jackson County,117
AR,Jefferson County,738
AR,Johnson County,257
AR,Lafayette County,41
AR,Lawrence County,90
AR,Lee County,30
AR,Lincoln County,31
AR,Little River County,56
AR,Logan County,100
AR,Lonoke County,862
AR,Madison County,46
AR,Marion County,136
AR,Miller County,305
AR,Mississippi County,386
AR,Monroe County,55
AR,Montgomery County,32
AR,Nevada County,34
AR,Newton County,16
AR,Ouachita County,190
AR,Perry County,37
AR,Phillips County,80
AR,Pike County,59
AR,Poinsett County,145
AR,Polk County,102
AR,Pope County,571
AR,Prairie County,23
AR,Pulaski County,8853
AR,Randolph County,75
AR,Saline County,1471
AR,Scott County,39
AR,Searcy County,35
AR,Sebastian County,2133
AR,Sevier County,56
AR,Sharp County,74
AR,St. Francis County,177
AR,Stone County,76
AR,Union County,272
AR,Van Buren County,86
AR,Washington County,3857
AR,White County,933
AR,Woodruff County,23
AR,Yell County,92
AZ,Apache County,146
AZ,Cochise County,1158
AZ,Coconino County,1199
AZ,Gila County,482
AZ,Graham County,164
AZ,Greenlee County,17
AZ,La Paz County,219
AZ,Maricopa County,45030
AZ,Mohave County,1840
AZ,Navajo County,614
AZ,Pima County,15141
AZ,Pinal County,2459
AZ,Santa Cruz County,346
AZ,Yavapai County,2196
AZ,Yuma County,1129
CA,Alameda County,32094
CA,Alpine County,14
CA,Amador County,331
CA,Butte County,3204
CA,Calaveras County,303
CA,Colusa County,163
CA,Contra Costa County,12167
CA,Del Norte County,240
CA,El Dorado County,2024
CA,Fresno County,13785
CA,Glenn County,291
CA,Humboldt County,1465
CA,Imperial County,1224
CA,Inyo County,151
CA,Kern County,8876
CA,Kings County,1428
CA,Lake County,574
CA,Lassen County,191
CA,Los Angeles County,175867
CA,Madera County,1581
CA,Marin County,4459
CA,Mariposa County,81
CA,Mendocino County,870
CA,Merced County,2970
CA,Modoc County,53
CA,Mono County,122
CA,Monterey County,5306
CA,Napa County,2506
CA,Nevada County,944
CA,Orange County,42663
CA,Placer County,4519
CA,Plumas County,278
CA,Riverside County,23501
CA,Sacramento County,18673
CA,San Benito County,772
CA,San Bernardino County,28247
CA,San Diego County,46896
CA,San Francisco County,23642
CA,San Joaquin County,8378
CA,San Luis Obispo County,4296
CA,San Mateo County,13789
CA,Santa Barbara County,6732
CA,Santa Clara County,27689
CA,Santa Cruz County,4073
CA,Shasta County,2046
CA,Sierra County,52
CA,Siskiyou County,433
CA,Solano County,4871
CA,Sonoma County,9660
CA,Stanislaus County,6700
CA,Sutter County,1018
CA,Tehama County,454
CA,Trinity County,83
CA,Tulare County,5525
CA,Tuolumne County,421
CA,Ventura County,10699
CA,Yolo County,2837
CA,Yuba County,634
CO,Adams County,5398
CO,Alamosa County,187
CO,Arapahoe County,6263
CO,Archuleta County,114
CO,Baca County,19
CO,Bent County,23
CO,Boulder County,4425
CO,Broomfield County,704
CO,Chaffee County,308
CO,Cheyenne County,9
CO,Clear Creek County,151
CO,Conejos County,30
CO,Costilla County,11
CO,Crowley County,12
CO,Custer County,81
CO,Delta County,334
CO,Denver County,13251
CO,Dolores County,19
CO,Douglas County,2190
CO,Eagle County,405
CO,El Paso County,9836
CO,Elbert County,113
CO,Fremont County,501
CO,Garfield County,475
CO,Gilpin County,68
CO,Grand County,261
CO,Gunnison County,189
CO,Hinsdale County,24
CO,Huerfano County,133
CO,Jackson County,12
CO,Jefferson County,5802
CO,Kiowa County,7
CO,Kit Carson County,67
CO,La Plata County,491
CO,Lake County,95
CO,Larimer County,4683
CO,Las Animas County,153
CO,Lincoln County,67
CO,Logan County,216
CO,Mesa County,1704
CO,Mineral County,17
CO,Moffat County,111
CO,Montezuma County,287
CO,Montrose County,453
CO,Morgan County,268
CO,Otero County,169
CO,Ouray County,70
CO,Park County,127
CO,Phillips County,15
CO,Pitkin County,231
CO,Prowers County,93
CO,Pueblo County,3012
CO,Rio Blanco County,64
CO,Rio Grande County,147
CO,Routt County,270
CO,Saguache County,28
CO,San Juan County,35
CO,San Miguel County,53
CO,Sedgwick County,20
CO,Summit County,383
CO,Teller County,403
CO,Washington County,22
CO,Weld County,3684
CO,Yuma County,47
CT,Fairfield County,11302
CT,Hartford County,15380
CT,Litchfield County,3029
CT,Middlesex County,2309
CT,New Haven County,11263
CT,New London County,4131
CT,Tolland County,1101
CT,Windham County,1121
DC,District of Columbia,13074
DE,Kent County,1842
DE,New Castle County,5711
DE,Sussex County,1899
FL,Alachua County,4235
FL,Baker County,236
FL,Bay County,5044
FL,Bradford County,239
FL,Brevard County,7358
FL,Broward County,26731
FL,Calhoun County,102
FL,Charlotte County,2373
FL,Citrus County,2266
FL,Clay County,1647
FL,Collier County,4393
FL,Columbia County,1619
FL,DeSoto County,400
FL,Dixie County,166
FL,Duval County,15376
FL,Escambia County,6482
FL,Flagler County,752
FL,Franklin County,226
FL,Gadsden County,964
FL,Gilchrist County,71
FL,Glades County,64
FL,Gulf County,147
FL,Hamilton County,73
FL,Hardee County,186
FL,Hendry County,576
FL,Hernando County,1408
FL,Highlands County,1560
FL,Hillsborough County,18188
FL,Holmes County,59
FL,Indian River County,1643
FL,Jackson County,485
FL,Jefferson County,380
FL,Lafayette County,23
FL,Lake County,4024
FL,Lee County,9730
FL,Leon County,6259
FL,Levy County,451
FL,Liberty County,27
FL,Madison County,436
FL,Manatee County,5129
FL,Marion County,4336
FL,Martin County,2048
FL,Miami-Dade County,36276
FL,Monroe County,1292
FL,Nassau County,1276
FL,Okaloosa County,3253
FL,Okeechobee County,405
FL,Orange County,15891
FL,Osceola County,2742
FL,Palm Beach County,15365
FL,Pasco County,5089
FL,Pinellas County,16762
FL,Polk County,7274
FL,Putnam County,968
FL,Santa Rosa County,1819
FL,Sarasota County,6879
FL,Seminole County,6189
FL,St Lucie County,1
FL,St. Johns County,2631
FL,St. Lucie County,3052
FL,Sumter County,829
FL,Suwannee County,489
FL,Taylor County,210
FL,Union County,45
FL,Volusia County,8635
FL,Wakulla County,531
FL,Walton County,672
FL,Washington County,131
GA,Appling County,73
GA,Atkinson County,32
GA,Bacon County,53
GA,Baker County,5
GA,Baldwin County,337
GA,Banks County,121
GA,Barrow County,882
GA,Bartow County,1355
GA,Ben Hill County,132
GA,Berrien County,98
GA,Bibb County,2572
GA,Bleckley County,56
GA,Brantley County,36
GA,Brooks County,125
GA,Bryan County,283
GA,Bulloch County,790
GA,Burke County,110
GA,Butts County,251
GA,Calhoun County,17
GA,Camden County,486
GA,Candler County,56
GA,Carroll County,1476
GA,Catoosa County,535
GA,Charlton County,51
GA,Chatham County,5944
GA,Chattahoochee County,22
GA,Chattooga County,126
GA,Cherokee County,2333
GA,Clarke County,1674
GA,Clay County,12
GA,Clayton County,3488
GA,Clinch County,42
GA,Cobb County,9818
GA,Coffee County,206
GA,Colquitt County,355
GA,Columbia County,1442
GA,Cook County,124
GA,Coweta County,1404
GA,Crawford County,32
GA,Crisp County,188
GA,Dade County,96
GA,Dawson County,285
GA,DeKalb County,8740
GA,Decatur County,180
GA,Dodge County,91
GA,Dooly County,68
GA,Dougherty County,1077
GA,Douglas County,1464
GA,Early County,35
GA,Echols County,6
GA,Effingham County,329
GA,Elbert County,160
GA,Emanuel County,88
GA,Evans County,66
GA,Fannin County,272
GA,Fayette County,1621
GA,Floyd County,955
GA,Forsyth County,2626
GA,Franklin County,218
GA,Fulton County,16639
GA,Gilmer County,234
GA,Glascock County,8
GA,Glynn County,1121
GA,Gordon County,551
GA,Grady County,109
GA,Greene County,166
GA,Gwinnett County,10209
GA,Habersham County,432
GA,Hall County,2977
GA,Hancock County,24
GA,Haralson County,287
GA,Harris County,87
GA,Hart County,207
GA,Heard County,43
GA,Henry County,2314
GA,Houston County,1158
GA,Irwin County,28
GA,Jackson County,599
GA,Jasper County,55
GA,Jeff Davis County,74
GA,Jefferson County,91
GA,Jenkins County,43
GA,Johnson County,41
GA,Jones County,126
GA,Lamar County,125
GA,Lanier County,34
GA,Laurens County,357
GA,Lee County,139
GA,Liberty County,488
GA,Lincoln County,46
GA,Long County,60
GA,Lowndes County,1946
GA,Lumpkin County,225
GA,Macon County,85
GA,Madison County,131
GA,Marion County,29
GA,McDuffie County,192
GA,McIntosh County,81
GA,Meriwether County,192
GA,Miller County,25
GA,Mitchell County,98
GA,Monroe County,146
GA,Montgomery County,42
GA,Morgan County,184
GA,Murray County,196
GA,Muscogee County,3182
GA,Newton County,995
GA,Oconee County,317
GA,Oglethorpe County,50
GA,Paulding County,787
GA,Peach County,237
GA,Pickens County,421
GA,Pierce County,81
GA,Pike County,69
GA,Polk County,388
GA,Pulaski County,79
GA,Putnam County,172
GA,Quitman County,12
GA,Rabun County,190
GA,Randolph County,25
GA,Richmond County,3815
GA,Rockdale County,1511
GA,Schley County,20
GA,Screven County,65
GA,Seminole County,44
GA,Spalding County,772
GA,Stephens County,365
GA,Stewart County,22
GA,Sumter County,222
GA,Talbot County,16
GA,Taliaferro County,9
GA,Tattnall County,89
GA,Taylor County,34
GA,Telfair County,76
GA,Terrell County,32
GA,Thomas County,1265
GA,Tift County,479
GA,Toombs County,264
GA,Towns County,119
GA,Treutlen County,28
GA,Troup County,693
GA,Turner County,117
GA,Twiggs County,25
GA,Union County,236
GA,Upson County,214
GA,Walker County,383
GA,Walton County,778
GA,Ware County,331
GA,Warren County,25
GA,Washington County,89
GA,Wayne County,288
GA,Webster County,3
GA,Wheeler County,25
GA,White County,306
GA,Whitfield County,787
GA,Wilcox County,21
GA,Wilkes County,80
GA,Wilkinson County,33
GA,Worth County,85
HI,Hawaii County,1425
HI,Honolulu County,9295
HI,Kauai County,524
HI,Maui County,1410
IA,Adair County,72
IA,Adams County,24
IA,Allamakee County,68
IA,Appanoose County,88
IA,Audubon County,26
IA,Benton County,110
IA,Black Hawk County,1298
IA,Boone County,223
IA,Bremer County,125
IA,Buchanan County,95
IA,Buena Vista County,164
IA,Butler County,81
IA,Calhoun County,51
IA,Carroll County,134
IA,Cass County,126
IA,Cedar County,113
IA,Cerro Gordo County,546
IA,Cherokee County,76
IA,Chickasaw County,64
IA,Clarke County,65
IA,Clay County,142
IA,Clayton County,133
IA,Clinton County,404
IA,Crawford County,95
IA,Dallas County,717
IA,Davis County,45
IA,Decatur County,52
IA,Delaware County,69
IA,Des Moines County,374
IA,Dickinson County,143
IA,Dubuque County,793
IA,Emmet County,74
IA,Fayette County,114
IA,Floyd County,116
IA,Franklin County,98
IA,Fremont County,82
IA,Greene County,71
IA,Grundy County,74
IA,Guthrie County,313
IA,Hamilton County,142
IA,Hancock County,106
IA,Hardin County,115
IA,Harrison County,116
IA,Henry County,114
IA,Howard County,70
IA,Humboldt County,56
IA,Ida County,29
IA,Iowa County,106
IA,Jackson County,102
IA,Jasper County,273
IA,Jefferson County,118
IA,Johnson County,1573
IA,Jones County,90
IA,Keokuk County,52
IA,Kossuth County,101
IA,Lee County,264
IA,Linn County,2936
IA,Louisa County,32
IA,Lucas County,66
IA,Lyon County,39
IA,Madison County,101
IA,Mahaska County,120
IA,Marion County,214
IA,Marshall County,316
IA,Mills County,227
IA,Mitchell County,63
IA,Monona County,80
IA,Monroe County,57
IA,Montgomery County,114
IA,Muscatine County,279
IA,O'Brien County,73
IA,Osceola County,30
IA,Page County,92
IA,Palo Alto County,61
IA,Plymouth County,126
IA,Pocahontas County,32
IA,Polk County,7272
IA,Pottawattamie County,1364
IA,Poweshiek County,148
IA,Ringgold County,23
IA,Sac County,39
IA,Scott County,2035
IA,Shelby County,85
IA,Sioux County,129
IA,Story County,1455
IA,Tama County,97
IA,Taylor County,26
IA,Union County,84
IA,Van Buren County,24
IA,Wapello County,220
IA,Warren County,350
IA,Washington County,115
IA,Wayne County,33
IA,Webster County,322
IA,Winnebago County,60
IA,Winneshiek County,89
IA,Woodbury County,1038
IA,Worth County,72
IA,Wright County,160
ID,Ada County,7843
ID,Adams County,57
ID,Bannock County,747
ID,Bear Lake County,42
ID,Benewah County,70
ID,Bingham County,214
ID,Blaine County,275
ID,Boise County,116
ID,Bonner County,880
ID,Bonneville County,1416
ID,Boundary County,134
ID,Butte County,20
ID,Camas County,15
ID,Canyon County,3273
ID,Caribou County,38
ID,Cassia County,542
ID,Clark County,8
ID,Clearwater County,51
ID,Custer County,38
ID,Elmore County,456
ID,Franklin County,51
ID,Fremont County,85
ID,Gem County,302
ID,Gooding County,308
ID,Idaho County,97
ID,Jefferson County,106
ID,Jerome County,435
ID,Kootenai County,3244
ID,Latah County,275
ID,Lemhi County,77
ID,Lewis County,32
ID,Lincoln County,100
ID,Madison County,284
ID,Minidoka County,452
ID,Nez Perce County,359
ID,Oneida County,16
ID,Owyhee County,162
ID,Payette County,498
ID,Power County,51
ID,Shoshone County,240
ID,Teton County,85
ID,Twin Falls County,2107
ID,Valley County,227
ID,Washington County,233
IL,Adams County,433
IL,Alexander County,18
IL,Bond County,113
IL,Boone County,318
IL,Brown County,14
IL,Bureau County,272
IL,Calhoun County,9
IL,Carroll County,113
IL,Cass County,49
IL,Champaign County,2076
IL,Christian County,215
IL,Clark County,83
IL,Clay County,80
IL,Clinton County,230
IL,Coles County,353
IL,Cook County,69853
IL,Crawford County,80
IL,Cumberland County,39
IL,De Witt County,83
IL,DeKalb County,1119
IL,Douglas County,122
IL,DuPage County,10901
IL,Edgar County,94
IL,Edwards County,26
IL,Effingham County,324
IL,Fayette County,151
IL,Ford County,91
IL,Franklin County,221
IL,Fulton County,162
IL,Gallatin County,16
IL,Greene County,46
IL,Grundy County,612
IL,Hamilton County,48
IL,Hancock County,83
IL,Hardin County,11
IL,Henderson County,8
IL,Henry County,245
IL,Iroquois County,216
IL,Jackson County,430
IL,Jasper County,34
IL,Jefferson County,356
IL,Jersey County,124
IL,Jo Daviess County,177
IL,Johnson County,45
IL,Kane County,5501
IL,Kankakee County,1181
IL,Kendall County,942
IL,Knox County,350
IL,LaSalle County,1228
IL,Lake County,6813
IL,Lawrence County,50
IL,Lee County,273
IL,Livingston County,253
IL,Logan County,187
IL,Macon County,1001
IL,Macoupin County,285
IL,Madison County,3161
IL,Marion County,237
IL,Marshall County,113
IL,Mason County,59
IL,Massac County,78
IL,McDonough County,219
IL,McHenry County,3459
IL,McLean County,1722
IL,Menard County,50
IL,Mercer County,84
IL,Monroe County,234
IL,Montgomery County,296
IL,Morgan County,188
IL,Moultrie County,60
IL,Ogle County,459
IL,Peoria County,2546
IL,Perry County,124
IL,Piatt County,80
IL,Pike County,70
IL,Pope County,5
IL,Pulaski County,21
IL,Putnam County,34
IL,Randolph County,192
IL,Richland County,81
IL,Rock Island County,1827
IL,Saline County,141
IL,Sangamon County,2092
IL,Schuyler County,23
IL,Scott County,11
IL,Shelby County,79
IL,St. Clair County,2897
IL,Stark County,28
IL,Stephenson County,306
IL,Tazewell County,1159
IL,Union County,79
IL,Vermilion County,552
IL,Wabash County,50
IL,Warren County,81
IL,Washington County,83
IL,Wayne County,61
IL,White County,57
IL,Whiteside County,397
IL,Will County,5968
IL,Williamson County,521
IL,Winnebago County,2901
IL,Woodford County,225
IN,Adams County,228
IN,Allen County,5227
IN,Bartholomew County,756
IN,Benton County,69
IN,Blackford County,107
IN,Boone County,800
IN,Brown County,107
IN,Carroll County,125
IN,Cass County,255
IN,Clark County,2294
IN,Clay County,175
IN,Clinton County,226
IN,Crawford County,45
IN,Daviess County,148
IN,DeKalb County,331
IN,Dearborn County,436
IN,Decatur County,216
IN,Delaware County,1460
IN,Dubois County,288
IN,Elkhart County,3957
IN,Fayette County,132
IN,Floyd County,1349
IN,Fountain County,67
IN,Franklin County,141
IN,Fulton County,149
IN,Gibson County,347
IN,Grant County,701
IN,Greene County,134
IN,Hamilton County,3052
IN,Hancock County,722
IN,Harrison County,395
IN,Hendricks County,1826
IN,Henry County,454
IN,Howard County,871
IN,Huntington County,292
IN,Jackson County,336
IN,Jasper County,231
IN,Jay County,132
IN,Jefferson County,229
IN,Jennings County,154
IN,Johnson County,1804
IN,Knox County,330
IN,Kosciusko County,758
IN,LaGrange County,206
IN,LaPorte County,1145
IN,Lake County,5776
IN,Lawrence County,305
IN,Madison County,1512
IN,Marion County,15422
IN,Marshall County,488
IN,Martin County,49
IN,Miami County,242
IN,Monroe County,1301
IN,Montgomery County,309
IN,Morgan County,758
IN,Newton County,129
IN,Noble County,364
IN,Ohio County,43
IN,Orange County,106
IN,Owen County,84
IN,Parke County,88
IN,Perry County,96
IN,Pike County,50
IN,Porter County,2053
IN,Posey County,137
IN,Pulaski County,64
IN,Putnam County,311
IN,Randolph County,172
IN,Ripley County,219
IN,Rush County,120
IN,Scott County,235
IN,Shelby County,506
IN,Spencer County,113
IN,St. Joseph County,4608
IN,Starke County,152
IN,Steuben County,429
IN,Sullivan County,116
IN,Switzerland County,41
IN,Tippecanoe County,1580
IN,Tipton County,99
IN,Union County,38
IN,Vanderburgh County,2872
IN,Vermillion County,89
IN,Vigo County,1082
IN,Wabash County,265
IN,Warren County,28
IN,Warrick County,601
IN,Washington County,196
IN,Wayne County,696
IN,Wells County,211
IN,White County,214
IN,Whitley County,276
KS,Allen County,100
KS,Anderson County,63
KS,Atchison County,149
KS,Barber County,48
KS,Barton County,237
KS,Bourbon County,141
KS,Brown County,87
KS,Butler County,477
KS,Chase County,15
KS,Chautauqua County,39
KS,Cherokee County,159
KS,Cheyenne County,21
KS,Clark County,9
KS,Clay County,34
KS,Cloud County,67
KS,Coffey County,74
KS,Comanche County,10
KS,Cowley County,238
KS,Crawford County,330
KS,Decatur County,13
KS,Dickinson County,128
KS,Doniphan County,56
KS,Douglas County,1698
KS,Edwards County,12
KS,Elk County,14
KS,Ellis County,262
KS,Ellsworth County,35
KS,Finney County,387
KS,Ford County,261
KS,Franklin County,265
KS,Geary County,421
KS,Gove County,15
KS,Graham County,14
KS,Grant County,45
KS,Gray County,30
KS,Greeley County,2
KS,Greenwood County,39
KS,Hamilton County,11
KS,Harper County,55
KS,Harvey County,300
KS,Haskell County,6
KS,Hodgeman County,5
KS,Jackson County,51
KS,Jefferson County,96
KS,Jewell County,12
KS,Johnson County,6951
KS,Kearny County,14
KS,Kingman County,62
KS,Kiowa County,24
KS,Labette County,188
KS,Lane County,11
KS,Leavenworth County,519
KS,Lincoln County,17
KS,Linn County,78
KS,Logan County,22
KS,Lyon County,254
KS,Marion County,82
KS,Marshall County,75
KS,McPherson County,168
KS,Meade County,24
KS,Miami County,313
KS,Mitchell County,45
KS,Montgomery County,324
KS,Morris County,31
KS,Morton County,12
KS,Nemaha County,58
KS,Neosho County,137
KS,Ness County,16
KS,Norton County,23
KS,Osage County,100
KS,Osborne County,21
KS,Ottawa County,19
KS,Pawnee County,34
KS,Phillips County,30
KS,Pottawatomie County,131
KS,Pratt County,93
KS,Rawlins County,30
KS,Reno County,539
KS,Republic County,39
KS,Rice County,53
KS,Riley County,384
KS,Rooks County,25
KS,Rush County,18
KS,Russell County,52
KS,Saline County,483
KS,Scott County,40
KS,Sedgwick County,8541
KS,Seward County,175
KS,Shawnee County,2544
KS,Sheridan County,4
KS,Sherman County,62
KS,Smith County,32
KS,Stafford County,20
KS,Stanton County,5
KS,Stevens County,23
KS,Sumner County,212
KS,Thomas County,96
KS,Trego County,26
KS,Wabaunsee County,30
KS,Wallace County,6
KS,Washington County,26
KS,Wichita County,10
KS,Wilson County,63
KS,Woodson County,28
KS,Wyandotte County,2736
KY,Adair County,87
KY,Allen County,74
KY,Anderson County,208
KY,Ballard County,34
KY,Barren County,370
KY,Bath County,32
KY,Bell County,94
KY,Boone County,1950
KY,Bourbon County,196
KY,Boyd County,1190
KY,Boyle County,410
KY,Bracken County,40
KY,Breathitt County,35
KY,Breckinridge County,74
KY,Bullitt County,677
KY,Butler County,56
KY,Caldwell County,62
KY,Calloway County,205
KY,Campbell County,1499
KY,Carlisle County,12
KY,Carroll County,91
KY,Carter County,274
KY,Casey County,27
KY,Christian County,409
KY,Clark County,392
KY,Clay County,45
KY,Clinton County,36
KY,Crittenden County,29
KY,Cumberland County,30
KY,Daviess County,732
KY,Edmonson County,32
KY,Elliott County,12
KY,Estill County,65
KY,Fayette County,5093
KY,Fleming County,30
KY,Floyd County,151
KY,Franklin County,704
KY,Fulton County,47
KY,Gallatin County,51
KY,Garrard County,52
KY,Grant County,232
KY,Graves County,148
KY,Grayson County,153
KY,Green County,38
KY,Greenup County,473
KY,Hancock County,25
KY,Hardin County,1164
KY,Harlan County,75
KY,Harrison County,75
KY,Hart County,133
KY,Henderson County,299
KY,Henry County,143
KY,Hickman County,12
KY,Hopkins County,241
KY,Jackson County,42
KY,Jefferson County,14090
KY,Jessamine County,614
KY,Johnson County,92
KY,Kenton County,2578
KY,Knott County,29
KY,Knox County,104
KY,Larue County,55
KY,Laurel County,361
KY,Lawrence County,51
KY,Lee County,26
KY,Leslie County,28
KY,Letcher County,79
KY,Lewis County,32
KY,Lincoln County,78
KY,Livingston County,40
KY,Logan County,112
KY,Lyon County,60
KY,Madison County,701
KY,Magoffin County,32
KY,Marion County,105
KY,Marshall County,127
KY,Martin County,22
KY,Mason County,131
KY,McCracken County,693
KY,McCreary County,55
KY,McLean County,31
KY,Meade County,135
KY,Menifee County,17
KY,Mercer County,247
KY,Metcalfe County,34
KY,Monroe County,35
KY,Montgomery County,215
KY,Morgan County,34
KY,Muhlenberg County,107
KY,Nelson County,474
KY,Nicholas County,12
KY,Ohio County,77
KY,Oldham County,566
KY,Owen County,44
KY,Owsley County,3
KY,Pendleton County,75
KY,Perry County,122
KY,Pike County,283
KY,Powell County,75
KY,Pulaski County,318
KY,Robertson County,2
KY,Rockcastle County,73
KY,Rowan County,126
KY,Russell County,121
KY,Scott County,413
KY,Shelby County,701
KY,Simpson County,187
KY,Spencer County,133
KY,Taylor County,208
KY,Todd County,35
KY,Trigg County,68
KY,Trimble County,19
KY,Union County,55
KY,Warren County,1173
KY,Washington County,68
KY,Wayne County,61
KY,Webster County,41
KY,Whitley County,136
KY,Wolfe County,25
KY,Woodford County,250
LA,Acadia Parish,220
LA,Allen Parish,106
LA,Ascension Parish,1100
LA,Assumption Parish,63
LA,Avoyelles Parish,173
LA,Beauregard Parish,147
LA,Bienville Parish,66
LA,Bossier Parish,1535
LA,Caddo County,15
LA,Caddo Parish,3120
LA,Calcasieu Parish,1875
LA,Caldwell Parish,27
LA,Cameron Parish,27
LA,Catahoula Parish,23
LA,Claiborne Parish,54
LA,Concordia Parish,85
LA,De Soto Parish,128
LA,East Baton Rouge Parish,7268
LA,East Carroll Parish,21
LA,East Feliciana Parish,59
LA,Evangeline Parish,110
LA,Franklin Parish,71
LA,Grant Parish,28
LA,Iberia Parish,471
LA,Iberville Parish,191
LA,Jackson Parish,46
LA,Jefferson Davis Parish,166
LA,Jefferson Parish,8651
LA,LaSalle Parish,40
LA,Lafayette Parish,3256
LA,Lafourche Parish,499
LA,Lincoln Parish,289
LA,Livingston Parish,703
LA,Madison Parish,43
LA,Morehouse Parish,137
LA,Natchitoches Parish,173
LA,Orleans County,1
LA,Orleans Parish,8249
LA,Ouachita Parish,1453
LA,Plaquemines Parish,263
LA,Pointe Coupee Parish,90
LA,Rapides Parish,951
LA,Red River Parish,22
LA,Richland Parish,79
LA,Sabine Parish,79
LA,St. Bernard Parish,628
LA,St. Charles Parish,340
LA,St. Helena Parish,33
LA,St. James Parish,77
LA,St. John the Baptist Parish,299
LA,St. Landry Parish,394
LA,St. Martin Parish,280
LA,St. Mary Parish,257
LA,St. Tammany Parish,2520
LA,Tangipahoa Parish,1183
LA,Tensas Parish,15
LA,Terrebonne Parish,838
LA,Union Parish,80
LA,Vermilion Parish,224
LA,Vernon Parish,181
LA,Washington Parish,334
LA,Webster Parish,257
LA,West Baton Rouge Parish,221
LA,West Carroll Parish,50
LA,West Feliciana Parish,48
LA,Winn Parish,51
MA,Barnstable County,3695
MA,Berkshire County,2595
MA,Bristol County,8321
MA,Dukes County,90
MA,Essex County,8616
MA,Franklin County,948
MA,Hampden County,5774
MA,Hampshire County,1666
MA,Middlesex County,16866
MA,Nantucket County,90
MA,Norfolk County,7771
MA,Plymouth County,5147
MA,Suffolk County,10254
MA,Worcester County,8969
MD,Allegany County,701
MD,Anne Arundel County,4777
MD,Baltimore County,7652
MD,Baltimore city,11734
MD,Calvert County,581
MD,Caroline County,274
MD,Carroll County,1413
MD,Cecil County,889
MD,Charles County,1293
MD,Dorchester County,322
MD,Frederick County,2942
MD,Garrett County,247
MD,Harford County,2546
MD,Howard County,2282
MD,Kent County,271
MD,Montgomery County,6421
MD,Prince George's County,7317
MD,Queen Anne's County,467
MD,Somerset County,162
MD,St. Mary's County,937
MD,Talbot County,531
MD,Washington County,2814
MD,Wicomico County,982
MD,Worcester County,669
ME,Androscoggin County,1915
ME,Aroostook County,575
ME,Cumberland County,5433
ME,Franklin County,258
ME,Hancock County,550
ME,Kennebec County,2046
ME,Knox County,559
ME,Lincoln County,550
ME,Oxford County,637
ME,Penobscot County,1422
ME,Piscataquis County,139
ME,Sagadahoc County,458
ME,Somerset County,447
ME,Waldo County,248
ME,Washington County,276
ME,York County,3374
MI,Alcona County,86
MI,Alger County,127
MI,Allegan County,1287
MI,Alpena County,265
MI,Antrim County,240
MI,Arenac County,151
MI,Baraga County,63
MI,Barry County,318
MI,Bay County,1018
MI,Benzie County,240
MI,Berrien County,1943
MI,Branch County,350
MI,Calhoun County,1889
MI,Cass County,413
MI,Charlevoix County,247
MI,Cheboygan County,286
MI,Chippewa County,349
MI,Clare County,284
MI,Clinton County,1182
MI,Crawford County,145
MI,Delta County,331
MI,Dickinson County,355
MI,Eaton County,1841
MI,Emmet County,387
MI,Genesee County,5046
MI,Gladwin County,179
MI,Gogebic County,187
MI,Grand Traverse County,1299
MI,Gratiot County,323
MI,Hillsdale County,403
MI,Houghton County,280
MI,Huron County,341
MI,Ingham County,5542
MI,Ionia County,691
MI,Iosco County,336
MI,Iron County,158
MI,Isabella County,623
MI,Jackson County,2195
MI,Kalamazoo County,3748
MI,Kalkaska County,172
MI,Kent County,10595
MI,Keweenaw County,22
MI,Lake County,100
MI,Lapeer County,1097
MI,Leelanau County,218
MI,Lenawee County,991
MI,Livingston County,2244
MI,Luce County,52
MI,Mackinac County,198
MI,Macomb County,12283
MI,Manistee County,332
MI,Marquette County,631
MI,Mason County,355
MI,Mecosta County,387
MI,Menominee County,145
MI,Midland County,665
MI,Missaukee County,90
MI,Monroe County,1617
MI,Montcalm County,618
MI,Montmorency County,83
MI,Muskegon County,2397
MI,Newaygo County,372
MI,Oakland County,18963
MI,Oceana County,220
MI,Ogemaw County,213
MI,Ontonagon County,84
MI,Osceola County,194
MI,Oscoda County,87
MI,Otsego County,313
MI,Ottawa County,3644
MI,Presque Isle County,93
MI,Roscommon County,476
MI,Saginaw County,2009
MI,Sanilac County,340
MI,Schoolcraft County,89
MI,Shiawassee County,592
MI,St. Clair County,1591
MI,St. Joseph County,661
MI,Tuscola County,376
MI,Van Buren County,724
MI,Washtenaw County,5078
MI,Wayne County,26092
MI,Wexford County,402
MN,Aitkin County,108
MN,Anoka County,3811
MN,Becker County,256
MN,Beltrami County,327
MN,Benton County,803
MN,Big Stone County,54
MN,Blue Earth County,723
MN,Brown County,209
MN,Carlton County,398
MN,Carver County,1195
MN,Cass County,245
MN,Chippewa County,133
MN,Chisago County,771
MN,Clay County,513
MN,Clearwater County,32
MN,Cook County,61
MN,Cottonwood County,102
MN,Crow Wing County,844
MN,Dakota County,4123
MN,Dodge County,133
MN,Douglas County,470
MN,Faribault County,144
MN,Fillmore County,188
MN,Freeborn County,251
MN,Goodhue County,414
MN,Grant County,48
MN,Hennepin County,16155
MN,Houston County,82
MN,Hubbard County,153
MN,Isanti County,496
MN,Itasca County,336
MN,Jackson County,69
MN,Kanabec County,153
MN,Kandiyohi County,573
MN,Kittson County,25
MN,Koochiching County,104
MN,Lac qui Parle County,45
MN,Lake County,117
MN,Lake of the Woods County,31
MN,Le Sueur County,300
MN,Lincoln County,25
MN,Lyon County,180
MN,Mahnomen County,26
MN,Marshall County,39
MN,Martin County,153
MN,McLeod County,742
MN,Meeker County,332
MN,Mille Lacs County,302
MN,Morrison County,292
MN,Mower County,242
MN,Murray County,34
MN,Nicollet County,234
MN,Nobles County,126
MN,Norman County,39
MN,Olmsted County,1211
MN,Otter Tail County,498
MN,Pennington County,96
MN,Pine County,305
MN,Pipestone County,82
MN,Polk County,256
MN,Pope County,95
MN,Ramsey County,7578
MN,Red Lake County,15
MN,Redwood County,110
MN,Renville County,109
MN,Rice County,867
MN,Rock County,59
MN,Roseau County,86
MN,Scott County,1410
MN,Sherburne County,992
MN,Sibley County,171
MN,St. Louis County,2636
MN,Stearns County,2703
MN,Steele County,355
MN,Stevens County,65
MN,Swift County,79
MN,Todd County,152
MN,Traverse County,29
MN,Wabasha County,161
MN,Wadena County,112
MN,Waseca County,148
MN,Washington County,2151
MN,Watonwan County,111
MN,Wilkin County,37
MN,Winona County,316
MN,Wright County,1861
MN,Yellow Medicine County,63
MO,Adair County,243
MO,Andrew County,86
MO,Atchison County,58
MO,Audrain County,207
MO,Barry County,281
MO,Barton County,59
MO,Bates County,129
MO,Benton County,150
MO,Bollinger County,32
MO,Boone County,1067
MO,Buchanan County,1060
MO,Butler County,354
MO,Caldwell County,37
MO,Callaway County,226
MO,Camden County,484
MO,Cape Girardeau County,707
MO,Carroll County,79
MO,Carter County,22
MO,Cass County,943
MO,Cedar County,97
MO,Chariton County,49
MO,Christian County,778
MO,Clark County,25
MO,Clay County,2632
MO,Clinton County,120
MO,Cole County,799
MO,Cooper County,120
MO,Crawford County,196
MO,Dade County,39
MO,Dallas County,131
MO,Daviess County,50
MO,DeKalb County,77
MO,Dent County,72
MO,Douglas County,49
MO,Dunklin County,196
MO,Franklin County,1126
MO,Gasconade County,137
MO,Gentry County,56
MO,Greene County,4221
MO,Grundy County,81
MO,Harrison County,67
MO,Henry County,213
MO,Hickory County,57
MO,Holt County,46
MO,Howard County,44
MO,Howell County,284
MO,Iron County,45
MO,Jackson County,12763
MO,Jasper County,1223
MO,Jefferson County,1540
MO,Johnson County,370
MO,Knox County,31
MO,Laclede County,291
MO,Lafayette County,274
MO,Lawrence County,326
MO,Lewis County,39
MO,Lincoln County,298
MO,Linn County,118
MO,Livingston County,119
MO,Macon County,134
MO,Madison County,84
MO,Maries County,56
MO,Marion County,240
MO,McDonald County,114
MO,Mercer County,16
MO,Miller County,192
MO,Mississippi County,61
MO,Moniteau County,61
MO,Monroe County,50
MO,Montgomery County,100
MO,Morgan County,162
MO,New Madrid County,154
MO,Newton County,467
MO,Nodaway County,137
MO,Oregon County,39
MO,Osage County,48
MO,Ozark County,53
MO,Pemiscot County,76
MO,Perry County,104
MO,Pettis County,428
MO,Phelps County,487
MO,Pike County,140
MO,Platte County,979
MO,Polk County,278
MO,Pulaski County,249
MO,Putnam County,19
MO,Ralls County,60
MO,Randolph County,268
MO,Ray County,115
MO,Reynolds County,16
MO,Ripley County,53
MO,Saline County,136
MO,Schuyler County,24
MO,Scotland County,21
MO,Scott County,311
MO,Shannon County,30
MO,Shelby County,35
MO,St. Charles County,3751
MO,St. Clair County,56
MO,St. Francois County,497
MO,St. Louis County,11738
MO,St. Louis city,7136
MO,Ste. Genevieve County,105
MO,Stoddard County,147
MO,Stone County,290
MO,Sullivan County,29
MO,Taney County,933
MO,Texas County,119
MO,Vernon County,124
MO,Warren County,301
MO,Washington County,76
MO,Wayne County,40
MO,Webster County,271
MO,Worth County,8
MO,Wright County,165
MS,Adams County,308
MS,Alcorn County,184
MS,Amite County,35
MS,Attala County,74
MS,Benton County,19
MS,Bolivar County,113
MS,Calhoun County,46
MS,Carroll County,11
MS,Chickasaw County,74
MS,Choctaw County,14
MS,Claiborne County,23
MS,Clarke County,65
MS,Clay County,91
MS,Coahoma County,160
MS,Copiah County,150
MS,Covington County,59
MS,DeSoto County,2186
MS,Forrest County,917
MS,Franklin County,12
MS,George County,117
MS,Greene County,29
MS,Grenada County,146
MS,Hancock County,336
MS,Harrison County,2163
MS,Hinds County,4104
MS,Holmes County,58
MS,Humphreys County,20
MS,Issaquena County,1
MS,Itawamba County,64
MS,Jackson County,2166
MS,Jasper County,42
MS,Jefferson County,10
MS,Jefferson Davis County,43
MS,Jones County,394
MS,Kemper County,18
MS,Lafayette County,351
MS,Lamar County,463
MS,Lauderdale County,631
MS,Lawrence County,45
MS,Leake County,83
MS,Lee County,942
MS,Leflore County,173
MS,Lincoln County,135
MS,Lowndes County,343
MS,Madison County,1371
MS,Marion County,141
MS,Marshall County,323
MS,Monroe County,151
MS,Montgomery County,38
MS,Neshoba County,109
MS,Newton County,71
MS,Noxubee County,34
MS,Oktibbeha County,272
MS,Panola County,459
MS,Pearl River County,310
MS,Perry County,38
MS,Pike County,257
MS,Pontotoc County,110
MS,Prentiss County,91
MS,Quitman County,22
MS,Rankin County,1803
MS,Scott County,120
MS,Sharkey County,15
MS,Simpson County,156
MS,Smith County,31
MS,Stone County,83
MS,Sunflower County,78
MS,Tallahatchie County,26
MS,Tate County,300
MS,Tippah County,71
MS,Tishomingo County,76
MS,Tunica County,254
MS,Union County,131
MS,Walthall County,47
MS,Warren County,505
MS,Washington County,240
MS,Wayne County,77
MS,Webster County,34
MS,Wilkinson County,34
MS,Winston County,70
MS,Yalobusha County,59
MS,Yazoo County,86
MT,Beaverhead County,115
MT,Big Horn County,71
MT,Blaine County,18
MT,Broadwater County,36
MT,Carbon County,96
MT,Carter County,3
MT,Cascade County,622
MT,Chouteau County,43
MT,Custer County,70
MT,Daniels County,7
MT,Dawson County,67
MT,Deer Lodge County,72
MT,Fallon County,22
MT,Fergus County,64
MT,Flathead County,1169
MT,Gallatin County,1159
MT,Garfield County,3
MT,Glacier County,40
MT,Golden Valley County,3
MT,Granite County,36
MT,Hill County,65
MT,Jefferson County,43
MT,Judith Basin County,10
MT,Lake County,234
MT,Lewis and Clark County,661
MT,Liberty County,10
MT,Lincoln County,143
MT,Madison County,114
MT,McCone County,11
MT,Meagher County,12
MT,Mineral County,41
MT,Missoula County,1132
MT,Musselshell County,27
MT,Park County,171
MT,Petroleum County,3
MT,Phillips County,31
MT,Pondera County,30
MT,Powder River County,7
MT,Powell County,44
MT,Prairie County,5
MT,Ravalli County,428
MT,Richland County,100
MT,Roosevelt County,36
MT,Rosebud County,36
MT,Sanders County,116
MT,Sheridan County,20
MT,Silver Bow County,334
MT,Stillwater County,56
MT,Sweet Grass County,44
MT,Teton County,31
MT,Toole County,50
MT,Treasure County,2
MT,Valley County,38
MT,Wheatland County,17
MT,Wibaux County,9
MT,Yellowstone County,1830
NC,Alamance County,2460
NC,Alexander County,209
NC,Alleghany County,93
NC,Anson County,203
NC,Ashe County,188
NC,Avery County,130
NC,Beaufort County,344
NC,Bertie County,81
NC,Bladen County,308
NC,Brunswick County,2050
NC,Buncombe County,4187
NC,Burke County,743
NC,Cabarrus County,2487
NC,Caldwell County,669
NC,Camden County,31
NC,Carteret County,1158
NC,Caswell County,70
NC,Catawba County,2436
NC,Chatham County,492
NC,Cherokee County,283
NC,Chowan County,99
NC,Clay County,77
NC,Cleveland County,1283
NC,Columbus County,959
NC,Craven County,724
NC,Cumberland County,4082
NC,Currituck County,259
NC,Dare County,449
NC,Davidson County,2089
NC,Davie County,421
NC,Duplin County,655
NC,Durham County,4424
NC,Edgecombe County,348
NC,Forsyth County,6392
NC,Franklin County,411
NC,Gaston County,3427
NC,Gates County,43
NC,Graham County,44
NC,Granville County,314
NC,Greene County,60
NC,Guilford County,9822
NC,Halifax County,411
NC,Harnett County,779
NC,Haywood County,703
NC,Henderson County,1161
NC,Hertford County,198
NC,Hoke County,169
NC,Hyde County,33
NC,Iredell County,2280
NC,Jackson County,342
NC,Johnston County,2399
NC,Jones County,40
NC,Lee County,640
NC,Lenoir County,528
NC,Lincoln County,1137
NC,Macon County,319
NC,Madison County,107
NC,Martin County,171
NC,McDowell County,268
NC,Mecklenburg County,14775
NC,Mitchell County,120
NC,Montgomery County,147
NC,Moore County,814
NC,Nash County,955
NC,New Hanover County,4892
NC,Northampton County,86
NC,Onslow County,1687
NC,Orange County,1286
NC,Pamlico County,69
NC,Pasquotank County,453
NC,Pender County,732
NC,Perquimans County,47
NC,Person County,278
NC,Pitt County,1555
NC,Polk County,151
NC,Randolph County,1972
NC,Richmond County,336
NC,Robeson County,1484
NC,Rockingham County,1047
NC,Rowan County,1555
NC,Rutherford County,716
NC,Sampson County,667
NC,Scotland County,457
NC,Stanly County,669
NC,Stokes County,248
NC,Surry County,831
NC,Swain County,93
NC,Transylvania County,275
NC,Tyrrell County,17
NC,Union County,2430
NC,Vance County,431
NC,Wake County,12553
NC,Warren County,70
NC,Washington County,78
NC,Watauga County,633
NC,Wayne County,1023
NC,Wilkes County,509
NC,Wilson County,798
NC,Yadkin County,276
NC,Yancey County,79
ND,Adams County,16
ND,Barnes County,87
ND,Benson County,19
ND,Billings County,4
ND,Bottineau County,66
ND,Bowman County,39
ND,Burke County,22
ND,Burleigh County,896
ND,Cass County,2111
ND,Cavalier County,21
ND,Dickey County,42
ND,Divide County,14
ND,Dunn County,87
ND,Eddy County,15
ND,Emmons County,24
ND,Foster County,29
ND,Golden Valley County,24
ND,Grand Forks County,642
ND,Grant County,8
ND,Griggs County,13
ND,Hettinger County,14
ND,Kidder County,13
ND,LaMoure County,25
ND,Logan County,4
ND,McHenry County,31
ND,McIntosh County,15
ND,McKenzie County,266
ND,McLean County,60
ND,Mercer County,61
ND,Morton County,239
ND,Mountrail County,107
ND,Nelson County,17
ND,Oliver County,2
ND,Pembina County,40
ND,Pierce County,44
ND,Ramsey County,127
ND,Ransom County,31
ND,Renville County,18
ND,Richland County,124
ND,Rolette County,34
ND,Sargent County,22
ND,Sheridan County,7
ND,Sioux County,5
ND,Slope County,1
ND,Stark County,357
ND,Steele County,6
ND,Stutsman County,180
ND,Towner County,8
ND,Traill County,46
ND,Walsh County,66
ND,Ward County,687
ND,Wells County,39
ND,Williams County,607
NE,Adams County,165
NE,Antelope County,30
NE,Banner County,1
NE,Boone County,31
NE,Box Butte County,56
NE,Boyd County,10
NE,Brown County,31
NE,Buffalo County,326
NE,Burt County,48
NE,Butler County,40
NE,Cass County,334
NE,Cedar County,44
NE,Chase County,17
NE,Cherry County,31
NE,Cheyenne County,104
NE,Clay County,23
NE,Colfax County,28
NE,Cuming County,50
NE,Custer County,44
NE,Dakota County,172
NE,Dawes County,74
NE,Dawson County,153
NE,Deuel County,11
NE,Dixon County,14
NE,Dodge County,366
NE,Douglas County,9045
NE,Dundy County,7
NE,Fillmore County,48
NE,Franklin County,15
NE,Frontier County,9
NE,Furnas County,31
NE,Gage County,144
NE,Garden County,9
NE,Garfield County,10
NE,Gosper County,5
NE,Grant County,4
NE,Greeley County,8
NE,Hall County,443
NE,Hamilton County,41
NE,Harlan County,26
NE,Hayes County,1
NE,Hitchcock County,13
NE,Holt County,66
NE,Hooker County,3
NE,Howard County,26
NE,Jefferson County,33
NE,Johnson County,22
NE,Kearney County,24
NE,Keith County,90
NE,Keya Paha County,1
NE,Kimball County,32
NE,Knox County,39
NE,Lancaster County,5057
NE,Lincoln County,279
NE,Logan County,2
NE,Madison County,291
NE,McPherson County,1
NE,Merrick County,39
NE,Morrill County,20
NE,Nance County,13
NE,Nemaha County,68
NE,Nuckolls County,24
NE,Otoe County,180
NE,Pawnee County,10
NE,Perkins County,15
NE,Phelps County,72
NE,Pierce County,38
NE,Platte County,206
NE,Polk County,23
NE,Red Willow County,128
NE,Richardson County,55
NE,Rock County,6
NE,Saline County,66
NE,Sarpy County,1965
NE,Saunders County,163
NE,Scotts Bluff County,267
NE,Seward County,107
NE,Sheridan County,27
NE,Sherman County,17
NE,Sioux County,3
NE,Stanton County,21
NE,Thayer County,27
NE,Thomas County,4
NE,Thurston County,13
NE,Valley County,26
NE,Washington County,345
NE,Wayne County,46
NE,Webster County,13
NE,Wheeler County,2
NE,York County,149
NH,Belknap County,858
NH,Carroll County,764
NH,Cheshire County,613
NH,Coos County,320
NH,Grafton County,886
NH,Hillsborough County,5096
NH,Merrimack County,1826
NH,Rockingham County,4328
NH,Strafford County,1586
NH,Sullivan County,341
NJ,Atlantic County,3269
NJ,Bergen County,11910
NJ,Burlington County,4423
NJ,Camden County,7887
NJ,Cape May County,1402
NJ,Cumberland County,1530
NJ,Essex County,12009
NJ,Gloucester County,3649
NJ,Hudson County,14864
NJ,Hunterdon County,1398
NJ,Mercer County,4451
NJ,Middlesex County,9757
NJ,Monmouth County,8551
NJ,Morris County,5437
NJ,Ocean County,4382
NJ,Passaic County,6118
NJ,Salem County,607
NJ,Somerset County,3692
NJ,Sussex County,1413
NJ,Union County,8727
NJ,Warren County,1324
NM,Bernalillo County,12284
NM,Catron County,6
NM,Chaves County,374
NM,Cibola County,190
NM,Colfax County,171
NM,Curry County,322
NM,De Baca County,4
NM,Do├▒a Ana County,1973
NM,Eddy County,431
NM,Grant County,279
NM,Guadalupe County,40
NM,Harding County,4
NM,Hidalgo County,38
NM,Lea County,493
NM,Lincoln County,355
NM,Los Alamos County,119
NM,Luna County,235
NM,McKinley County,220
NM,Mora County,6
NM,Otero County,536
NM,Quay County,108
NM,Rio Arriba County,236
NM,Roosevelt County,83
NM,San Juan County,854
NM,San Miguel County,169
NM,Sandoval County,1003
NM,Santa Fe County,2032
NM,Sierra County,190
NM,Socorro County,116
NM,Taos County,245
NM,Torrance County,195
NM,Union County,26
NM,Valencia County,962
NV,Carson City,855
NV,Churchill County,223
NV,Clark County,21769
NV,Douglas County,460
NV,Elko County,384
NV,Esmeralda County,12
NV,Eureka County,22
NV,Humboldt County,139
NV,Lander County,62
NV,Lincoln County,31
NV,Lyon County,499
NV,Mineral County,45
NV,Nye County,336
NV,Pershing County,62
NV,Storey County,148
NV,Washoe County,6519
NV,White Pine County,119
NY,Albany County,6355
NY,Allegany County,343
NY,Bronx County,14226
NY,Broome County,2916
NY,Cattaraugus County,753
NY,Cayuga County,976
NY,Chautauqua County,1382
NY,Chemung County,917
NY,Chenango County,407
NY,Clinton County,693
NY,Columbia County,1229
NY,Cortland County,491
NY,Delaware County,402
NY,Dutchess County,3195
NY,Erie County,11597
NY,Essex County,443
NY,Franklin County,373
NY,Fulton County,1128
NY,Genesee County,713
NY,Greene County,1123
NY,Hamilton County,73
NY,Herkimer County,670
NY,Jefferson County,1607
NY,Kings County,45666
NY,Lewis County,148
NY,Livingston County,618
NY,Madison County,669
NY,Monroe County,10316
NY,Montgomery County,951
NY,Nassau County,13425
NY,New York County,32171
NY,Niagara County,2308
NY,Oneida County,3568
NY,Onondaga County,7536
NY,Ontario County,1688
NY,Orange County,4110
NY,Orleans County,462
NY,Oswego County,1343
NY,Otsego County,1172
NY,Putnam County,850
NY,Queens County,24638
NY,Rensselaer County,2632
NY,Richmond County,4589
NY,Rockland County,2725
NY,Saratoga County,3105
NY,Schenectady County,3005
NY,Schoharie County,468
NY,Schuyler County,155
NY,Seneca County,370
NY,St. Lawrence County,809
NY,Steuben County,798
NY,Suffolk County,18692
NY,Sullivan County,782
NY,Tioga County,311
NY,Tompkins County,821
NY,Ulster County,2591
NY,Warren County,1747
NY,Washington County,892
NY,Wayne County,1072
NY,Westchester County,11567
NY,Wyoming County,327
NY,Yates County,186
OH,Adams County,176
OH,Allen County,1389
OH,Ashland County,453
OH,Ashtabula County,1113
OH,Athens County,376
OH,Auglaize County,371
OH,Belmont County,592
OH,Brown County,327
OH,Butler County,4667
OH,Carroll County,218
OH,Champaign County,276
OH,Clark County,3064
OH,Clermont County,2141
OH,Clinton County,370
OH,Columbiana County,1501
OH,Coshocton County,228
OH,Crawford County,328
OH,Cuyahoga County,18472
OH,Darke County,432
OH,Defiance County,432
OH,Delaware County,1797
OH,Erie County,1983
OH,Fairfield County,1449
OH,Fayette County,251
OH,Franklin County,20330
OH,Fulton County,708
OH,Gallia County,221
OH,Geauga County,1229
OH,Greene County,2642
OH,Guernsey County,397
OH,Hamilton County,16932
OH,Hancock County,1599
OH,Hardin County,202
OH,Harrison County,115
OH,Henry County,426
OH,Highland County,248
OH,Hocking County,147
OH,Holmes County,193
OH,Huron County,1021
OH,Jackson County,202
OH,Jefferson County,586
OH,Knox County,375
OH,Lake County,3684
OH,Lawrence County,955
OH,Licking County,1769
OH,Logan County,435
OH,Lorain County,4097
OH,Lucas County,9144
OH,Madison County,363
OH,Mahoning County,4452
OH,Marion County,521
OH,Medina County,2291
OH,Meigs County,104
OH,Mercer County,252
OH,Miami County,1306
OH,Monroe County,73
OH,Montgomery County,12039
OH,Morgan County,61
OH,Morrow County,176
OH,Muskingum County,945
OH,Noble County,55
OH,Ottawa County,473
OH,Paulding County,115
OH,Perry County,131
OH,Pickaway County,407
OH,Pike County,132
OH,Portage County,2153
OH,Preble County,305
OH,Putnam County,575
OH,Richland County,2419
OH,Ross County,518
OH,Sandusky County,700
OH,Scioto County,1235
OH,Seneca County,991
OH,Shelby County,430
OH,Stark County,6207
OH,Summit County,9674
OH,Trumbull County,3640
OH,Tuscarawas County,1011
OH,Union County,528
OH,Van Wert County,313
OH,Vinton County,33
OH,Warren County,1989
OH,Washington County,1102
OH,Wayne County,931
OH,Williams County,327
OH,Wood County,2186
OH,Wyandot County,276
OK,Adair County,65
OK,Alfalfa County,19
OK,Atoka County,59
OK,Beaver County,13
OK,Beckham County,183
OK,Blaine County,184
OK,Bryan County,214
OK,Caddo County,269
OK,Canadian County,1583
OK,Carter County,521
OK,Cherokee County,371
OK,Choctaw County,91
OK,Cimarron County,9
OK,Cleveland County,3349
OK,Coal County,16
OK,Comanche County,1387
OK,Cotton County,32
OK,Craig County,107
OK,Creek County,899
OK,Custer County,273
OK,Delaware County,393
OK,Dewey County,11
OK,Ellis County,20
OK,Garfield County,459
OK,Garvin County,251
OK,Grady County,704
OK,Grant County,18
OK,Greer County,26
OK,Harmon County,9
OK,Harper County,11
OK,Haskell County,41
OK,Hughes County,79
OK,Jackson County,146
OK,Jefferson County,20
OK,Johnston County,48
OK,Kay County,429
OK,Kingfisher County,166
OK,Kiowa County,49
OK,Latimer County,35
OK,Le Flore County,242
OK,Lincoln County,242
OK,Logan County,561
OK,Love County,64
OK,Major County,33
OK,Marshall County,94
OK,Mayes County,381
OK,McClain County,587
OK,McCurtain County,177
OK,McIntosh County,138
OK,Murray County,145
OK,Muskogee County,863
OK,Noble County,124
OK,Nowata County,87
OK,Okfuskee County,42
OK,Oklahoma County,17808
OK,Okmulgee County,268
OK,Osage County,231
OK,Ottawa County,225
OK,Pawnee County,82
OK,Payne County,862
OK,Pittsburg County,298
OK,Pontotoc County,298
OK,Pottawatomie County,1061
OK,Pushmataha County,55
OK,Roger Mills County,4
OK,Rogers County,988
OK,Seminole County,136
OK,Sequoyah County,224
OK,Stephens County,391
OK,Texas County,76
OK,Tillman County,43
OK,Tulsa County,12765
OK,Wagoner County,487
OK,Washington County,952
OK,Washita County,46
OK,Woods County,65
OK,Woodward County,145
OR,Baker County,164
OR,Benton County,1217
OR,Clackamas County,4413
OR,Clatsop County,615
OR,Columbia County,426
OR,Coos County,593
OR,Crook County,223
OR,Curry County,263
OR,Deschutes County,2498
OR,Douglas County,2042
OR,Gilliam County,17
OR,Grant County,69
OR,Harney County,75
OR,Hood River County,176
OR,Jackson County,2000
OR,Jefferson County,180
OR,Josephine County,551
OR,Klamath County,602
OR,Lake County,64
OR,Lane County,6436
OR,Lincoln County,599
OR,Linn County,1879
OR,Malheur County,790
OR,Marion County,5227
OR,Morrow County,53
OR,Multnomah County,17386
OR,Polk County,602
OR,Sherman County,16
OR,Tillamook County,298
OR,Umatilla County,525
OR,Union County,220
OR,Wallowa County,84
OR,Wasco County,242
OR,Washington County,6621
OR,Wheeler County,10
OR,Yamhill County,1192
PA,Adams County,710
PA,Allegheny County,22417
PA,Armstrong County,453
PA,Beaver County,1929
PA,Bedford County,339
PA,Berks County,3975
PA,Blair County,1200
PA,Bradford County,370
PA,Bucks County,6845
PA,Butler County,2212
PA,Cambria County,1085
PA,Cameron County,41
PA,Carbon County,544
PA,Centre County,1845
PA,Chester County,5646
PA,Clarion County,379
PA,Clearfield County,869
PA,Clinton County,660
PA,Columbia County,1038
PA,Crawford County,693
PA,Cumberland County,2672
PA,Dauphin County,3833
PA,Delaware County,5795
PA,Elk County,293
PA,Erie County,3827
PA,Fayette County,1186
PA,Forest County,53
PA,Franklin County,1010
PA,Fulton County,79
PA,Greene County,216
PA,Huntingdon County,210
PA,Indiana County,740
PA,Jefferson County,344
PA,Juniata County,125
PA,Lackawanna County,3198
PA,Lancaster County,5123
PA,Lawrence County,1209
PA,Lebanon County,1021
PA,Lehigh County,5371
PA,Luzerne County,3921
PA,Lycoming County,2340
PA,McKean County,274
PA,Mercer County,1720
PA,Mifflin County,289
PA,Monroe County,1717
PA,Montgomery County,11899
PA,Montour County,323
PA,Northampton County,2860
PA,Northumberland County,1611
PA,Perry County,205
PA,Philadelphia County,23513
PA,Pike County,312
PA,Potter County,136
PA,Schuylkill County,1301
PA,Snyder County,542
PA,Somerset County,586
PA,Sullivan County,41
PA,Susquehanna County,201
PA,Tioga County,628
PA,Union County,634
PA,Venango County,432
PA,Warren County,249
PA,Washington County,2466
PA,Wayne County,387
PA,Westmoreland County,4394
PA,Wyoming County,158
PA,York County,4152
RI,Bristol County,535
RI,Kent County,2595
RI,Newport County,1053
RI,Providence County,11641
RI,Washington County,1350
SC,Abbeville County,231
SC,Aiken County,2092
SC,Allendale County,45
SC,Anderson County,3420
SC,Bamberg County,120
SC,Barnwell County,181
SC,Beaufort County,2141
SC,Berkeley County,2247
SC,Calhoun County,145
SC,Charleston County,9394
SC,Cherokee County,631
SC,Chester County,295
SC,Chesterfield County,333
SC,Clarendon County,406
SC,Colleton County,420
SC,Darlington County,636
SC,Dillon County,355
SC,Dorchester County,1752
SC,Edgefield County,142
SC,Fairfield County,149
SC,Florence County,2274
SC,Georgetown County,1111
SC,Greenville County,10002
SC,Greenwood County,738
SC,Hampton County,115
SC,Horry County,6560
SC,Jasper County,470
SC,Kershaw County,937
SC,Lancaster County,776
SC,Laurens County,765
SC,Lee County,117
SC,Lexington County,4645
SC,Marion County,711
SC,Marlboro County,312
SC,McCormick County,49
SC,Newberry County,354
SC,Oconee County,730
SC,Orangeburg County,1688
SC,Pickens County,1607
SC,Richland County,6589
SC,Saluda County,102
SC,Spartanburg County,6275
SC,Sumter County,1330
SC,Union County,187
SC,Williamsburg County,204
SC,York County,2746
SD,Aurora County,14
SD,Beadle County,139
SD,Bennett County,10
SD,Bon Homme County,33
SD,Brookings County,164
SD,Brown County,254
SD,Brule County,35
SD,Buffalo County,1
SD,Butte County,99
SD,Campbell County,4
SD,Charles Mix County,37
SD,Clark County,20
SD,Clay County,82
SD,Codington County,247
SD,Corson County,7
SD,Custer County,103
SD,Davison County,227
SD,Day County,39
SD,Deuel County,18
SD,Dewey County,9
SD,Douglas County,20
SD,Edmunds County,27
SD,Fall River County,107
SD,Faulk County,10
SD,Grant County,45
SD,Gregory County,13
SD,Haakon County,10
SD,Hamlin County,17
SD,Hand County,16
SD,Hanson County,2
SD,Harding County,3
SD,Hughes County,163
SD,Hutchinson County,25
SD,Hyde County,3
SD,Jackson County,15
SD,Jerauld County,11
SD,Jones County,9
SD,Kingsbury County,27
SD,Lake County,84
SD,Lawrence County,372
SD,Lincoln County,520
SD,Lyman County,13
SD,Marshall County,12
SD,McCook County,35
SD,McPherson County,11
SD,Meade County,194
SD,Miner County,13
SD,Minnehaha County,2083
SD,Moody County,19
SD,Oglala Lakota County,3
SD,Pennington County,1060
SD,Perkins County,18
SD,Potter County,15
SD,Roberts County,36
SD,Sanborn County,9
SD,Spink County,32
SD,Stanley County,27
SD,Sully County,8
SD,Todd County,7
SD,Tripp County,42
SD,Turner County,31
SD,Union County,148
SD,Walworth County,56
SD,Yankton County,167
SD,Ziebach County,1
TN,Anderson County,1278
TN,Bedford County,324
TN,Benton County,96
TN,Bledsoe County,56
TN,Blount County,1788
TN,Bradley County,1091
TN,Campbell County,397
TN,Cannon County,59
TN,Carroll County,191
TN,Carter County,302
TN,Cheatham County,228
TN,Chester County,66
TN,Claiborne County,390
TN,Clay County,40
TN,Cocke County,234
TN,Coffee County,570
TN,Crockett County,62
TN,Cumberland County,493
TN,Davidson County,13152
TN,DeKalb County,118
TN,Decatur County,76
TN,Dickson County,488
TN,Dyer County,197
TN,Fayette County,299
TN,Fentress County,130
TN,Franklin County,202
TN,Gibson County,383
TN,Giles County,204
TN,Grainger County,86
TN,Greene County,632
TN,Grundy County,60
TN,Hamblen County,794
TN,Hamilton County,5499
TN,Hancock County,20
TN,Hardeman County,118
TN,Hardin County,124
TN,Hawkins County,297
TN,Haywood County,120
TN,Henderson County,150
TN,Henry County,223
TN,Hickman County,147
TN,Houston County,38
TN,Humphreys County,112
TN,Jackson County,37
TN,Jefferson County,436
TN,Johnson County,54
TN,Knox County,9068
TN,Lake County,41
TN,Lauderdale County,165
TN,Lawrence County,230
TN,Lewis County,74
TN,Lincoln County,197
TN,Loudon County,728
TN,Macon County,82
TN,Madison County,1490
TN,Marion County,238
TN,Marshall County,225
TN,Maury County,1056
TN,McMinn County,716
TN,McNairy County,98
TN,Meigs County,70
TN,Monroe County,607
TN,Montgomery County,1788
TN,Moore County,17
TN,Morgan County,76
TN,Obion County,234
TN,Overton County,122
TN,Perry County,25
TN,Pickett County,26
TN,Polk County,117
TN,Putnam County,741
TN,Rhea County,249
TN,Roane County,787
TN,Robertson County,563
TN,Rutherford County,2881
TN,Scott County,137
TN,Sequatchie County,171
TN,Sevier County,2060
TN,Shelby County,14523
TN,Smith County,145
TN,Stewart County,67
TN,Sullivan County,1965
TN,Sumner County,2020
TN,Tipton County,409
TN,Trousdale County,56
TN,Unicoi County,90
TN,Union County,209
TN,Van Buren County,22
TN,Warren County,245
TN,Washington County,1334
TN,Wayne County,61
TN,Weakley County,164
TN,White County,163
TN,Williamson County,2073
TN,Wilson County,2012
TX,Anderson County,400
TX,Andrews County,104
TX,Angelina County,611
TX,Aransas County,426
TX,Archer County,29
TX,Armstrong County,4
TX,Atascosa County,548
TX,Austin County,269
TX,Bailey County,69
TX,Bandera County,206
TX,Bastrop County,831
TX,Baylor County,23
TX,Bee County,228
TX,Bell County,3297
TX,Bexar County,22211
TX,Blanco County,180
TX,Borden County,1
TX,Bosque County,128
TX,Bowie County,1210
TX,Brazoria County,3034
TX,Brazos County,2032
TX,Brewster County,94
TX,Briscoe County,9
TX,Brooks County,77
TX,Brown County,422
TX,Burleson County,131
TX,Burnet County,548
TX,Caldwell County,315
TX,Calhoun County,169
TX,Callahan County,76
TX,Cameron County,3301
TX,Camp County,68
TX,Carson County,23
TX,Cass County,259
TX,Castro County,48
TX,Chambers County,329
TX,Cherokee County,334
TX,Childress County,53
TX,Clay County,53
TX,Cochran County,9
TX,Coke County,12
TX,Coleman County,83
TX,Collin County,7905
TX,Collingsworth County,11
TX,Colorado County,206
TX,Comal County,2103
TX,Comanche County,114
TX,Concho County,30
TX,Cooke County,326
TX,Coryell County,497
TX,Cottle County,6
TX,Crane County,18
TX,Crockett County,20
TX,Crosby County,453
TX,Culberson County,24
TX,Dallam County,41
TX,Dallas County,33395
TX,Dawson County,54
TX,DeWitt County,190
TX,Deaf Smith County,136
TX,Delta County,44
TX,Denton County,6358
TX,Dickens County,9
TX,Dimmit County,89
TX,Donley County,22
TX,Duval County,28
TX,Eastland County,217
TX,Ector County,1434
TX,Edwards County,5
TX,El Paso County,12177
TX,Ellis County,2399
TX,Erath County,348
TX,Falls County,94
TX,Fannin County,302
TX,Fayette County,261
TX,Fisher County,19
TX,Floyd County,39
TX,Foard County,4
TX,Fort Bend County,4466
TX,Franklin County,68
TX,Freestone County,114
TX,Frio County,143
TX,Gaines County,99
TX,Galveston County,3214
TX,Garza County,39
TX,Gillespie County,375
TX,Glasscock County,2
TX,Goliad County,50
TX,Gonzales County,159
TX,Gray County,155
TX,Grayson County,1616
TX,Gregg County,1520
TX,Grimes County,163
TX,Guadalupe County,1313
TX,Hale County,1402
TX,Hall County,16
TX,Hamilton County,98
TX,Hansford County,22
TX,Hardeman County,18
TX,Hardin County,345
TX,Harris County,51408
TX,Harrison County,395
TX,Hartley County,8
TX,Haskell County,50
TX,Hays County,2340
TX,Hemphill County,24
TX,Henderson County,808
TX,Hidalgo County,5950
TX,Hill County,373
TX,Hockley County,216
TX,Hood County,695
TX,Hopkins County,379
TX,Houston County,123
TX,Howard County,267
TX,Hudspeth County,18
TX,Hunt County,1023
TX,Hutchinson County,128
TX,Irion County,5
TX,Jack County,46
TX,Jackson County,71
TX,Jasper County,239
TX,Jeff Davis County,17
TX,Jefferson County,3504
TX,Jim Hogg County,27
TX,Jim Wells County,316
TX,Johnson County,1886
TX,Jones County,73
TX,Karnes County,150
TX,Kaufman County,1276
TX,Kendall County,680
TX,Kent County,5
TX,Kerr County,534
TX,Kimble County,43
TX,Kinney County,8
TX,Kleberg County,306
TX,Knox County,11
TX,La Salle County,67
TX,Lamar County,514
TX,Lamb County,103
TX,Lampasas County,167
TX,Lavaca County,95
TX,Lee County,167
TX,Leon County,107
TX,Liberty County,534
TX,Limestone County,175
TX,Lipscomb County,6
TX,Live Oak County,107
TX,Llano County,228
TX,Lubbock County,8620
TX,Lynn County,15
TX,Madison County,67
TX,Marion County,123
TX,Martin County,21
TX,Mason County,20
TX,Matagorda County,321
TX,Maverick County,210
TX,McCulloch County,89
TX,McLennan County,2620
TX,McMullen County,9
TX,Medina County,451
TX,Menard County,9
TX,Midland County,1912
TX,Milam County,160
TX,Mills County,34
TX,Mitchell County,55
TX,Montague County,161
TX,Montgomery County,5642
TX,Moore County,83
TX,Morris County,84
TX,Motley County,3
TX,Nacogdoches County,411
TX,Navarro County,449
TX,Newton County,33
TX,Nolan County,166
TX,Nueces County,5400
TX,Ochiltree County,46
TX,Oldham County,15
TX,Orange County,626
TX,Palo Pinto County,248
TX,Panola County,140
TX,Parker County,1304
TX,Parmer County,21
TX,Pecos County,127
TX,Polk County,282
TX,Potter County,1508
TX,Presidio County,32
TX,Rains County,101
TX,Randall County,852
TX,Reagan County,23
TX,Real County,29
TX,Red River County,123
TX,Reeves County,94
TX,Refugio County,56
TX,Roberts County,3
TX,Robertson County,127
TX,Rockwall County,863
TX,Runnels County,87
TX,Rusk County,248
TX,Sabine County,45
TX,San Augustine County,42
TX,San Jacinto County,89
TX,San Patricio County,702
TX,San Saba County,45
TX,Schleicher County,7
TX,Scurry County,176
TX,Shackelford County,17
TX,Shelby County,151
TX,Sherman County,7
TX,Smith County,2133
TX,Somervell County,102
TX,Starr County,185
TX,Stephens County,75
TX,Sterling County,8
TX,Stonewall County,6
TX,Sutton County,27
TX,Swisher County,50
TX,Tarrant County,24627
TX,Taylor County,1312
TX,Terrell County,3
TX,Terry County,113
TX,Throckmorton County,8
TX,Titus County,283
TX,Tom Green County,951
TX,Travis County,15810
TX,Trinity County,76
TX,Tyler County,97
TX,Upshur County,146
TX,Upton County,8
TX,Uvalde County,208
TX,Val Verde County,253
TX,Van Zandt County,342
TX,Victoria County,778
TX,Walker County,495
TX,Waller County,496
TX,Ward County,106
TX,Washington County,372
TX,Webb County,1899
TX,Wharton County,305
TX,Wheeler County,42
TX,Wichita County,1163
TX,Wilbarger County,82
TX,Willacy County,88
TX,Williamson County,5364
TX,Wilson County,298
TX,Winkler County,38
TX,Wise County,584
TX,Wood County,375
TX,Yoakum County,30
TX,Young County,155
TX,Zapata County,56
TX,Zavala County,35
UT,Beaver County,50
UT,Box Elder County,329
UT,Cache County,821
UT,Carbon County,138
UT,Daggett County,11
UT,Davis County,2835
UT,Duchesne County,102
UT,Emery County,47
UT,Garfield County,81
UT,Grand County,147
UT,Iron County,448
UT,Juab County,74
UT,Kane County,61
UT,Millard County,88
UT,Morgan County,66
UT,Piute County,18
UT,Rich County,25
UT,Salt Lake County,15886
UT,San Juan County,64
UT,Sanpete County,134
UT,Sevier County,145
UT,Summit County,658
UT,Tooele County,347
UT,Uintah County,263
UT,Utah County,5621
UT,Wasatch County,307
UT,Washington County,1314
UT,Wayne County,32
UT,Weber County,3169
VA,Accomack County,260
VA,Albemarle County,693
VA,Alexandria city,2080
VA,Alleghany County,80
VA,Amelia County,61
VA,Amherst County,159
VA,Appomattox County,48
VA,Arlington County,1585
VA,Augusta County,367
VA,Bath County,24
VA,Bedford County,448
VA,Bland County,34
VA,Botetourt County,452
VA,Bristol City,5
VA,Bristol city,439
VA,Brunswick County,68
VA,Buchanan County,58
VA,Buckingham County,34
VA,Buena Vista city,64
VA,Campbell County,367
VA,Caroline County,198
VA,Carroll County,120
VA,Charles City County,37
VA,Charlotte County,61
VA,Charlottesville city,747
VA,Chesapeake city,2426
VA,Chesterfield County,3083
VA,Clarke County,175
VA,Colonial Heights city,280
VA,Covington city,60
VA,Craig County,16
VA,Culpeper County,378
VA,Cumberland County,25
VA,Danville city,640
VA,Dickenson County,48
VA,Dinwiddie County,107
VA,Emporia city,146
VA,Essex County,108
VA,Fairfax County,5926
VA,Fairfax city,547
VA,Falls Church city,315
VA,Fauquier County,692
VA,Floyd County,68
VA,Fluvanna County,71
VA,Franklin County,337
VA,Franklin city,157
VA,Frederick County,707
VA,Fredericksburg city,1010
VA,Galax city,96
VA,Giles County,100
VA,Gloucester County,288
VA,Goochland County,212
VA,Grayson County,45
VA,Greene County,119
VA,Greensville County,38
VA,Halifax County,165
VA,Hampton City,1
VA,Hampton city,1629
VA,Hanover County,1467
VA,Harrisonburg city,698
VA,Henrico County,3817
VA,Henry County,351
VA,Highland County,9
VA,Hopewell city,313
VA,Isle of Wight County,311
VA,James City County,661
VA,King George County,235
VA,King William County,94
VA,King and Queen County,24
VA,Lancaster County,112
VA,Lee County,56
VA,Lexington city,54
VA,Loudoun County,2717
VA,Louisa County,155
VA,Lunenburg County,51
VA,Lynchburg City,1
VA,Lynchburg city,1164
VA,Madison County,76
VA,Manassas City,5
VA,Manassas Park city,136
VA,Manassas city,665
VA,Martinsville city,206
VA,Mathews County,63
VA,Mecklenburg County,266
VA,Middlesex County,100
VA,Montgomery County,824
VA,Nelson County,63
VA,New Kent County,123
VA,Newport News city,2446
VA,Norfolk City,2
VA,Norfolk city,3259
VA,Northampton County,180
VA,Northumberland County,50
VA,Norton city,64
VA,Nottoway County,119
VA,Orange County,197
VA,Page County,131
VA,Patrick County,60
VA,Petersburg city,853
VA,Pittsylvania County,161
VA,Poquoson city,72
VA,Portsmouth city,1429
VA,Powhatan County,176
VA,Prince Edward County,163
VA,Prince George County,195
VA,Prince William County,2581
VA,Pulaski County,226
VA,Radford city,143
VA,Rappahannock County,30
VA,Richmond City,21
VA,Richmond County,53
VA,Richmond city,5699
VA,Roanoke County,892
VA,Roanoke city,2363
VA,Rockbridge County,119
VA,Rockingham County,376
VA,Russell County,108
VA,Salem city,824
VA,Scott County,109
VA,Shenandoah County,420
VA,Smyth County,149
VA,Southampton County,84
VA,Spotsylvania County,1082
VA,Stafford County,1048
VA,Staunton city,302
VA,Suffolk City,1
VA,Suffolk city,905
VA,Surry County,34
VA,Sussex County,84
VA,Tazewell County,400
VA,Virginia Beach city,4129
VA,Warren County,426
VA,Washington County,468
VA,Waynesboro city,284
VA,Westmoreland County,108
VA,Williamsburg city,316
VA,Winchester city,920
VA,Wise County,176
VA,Wythe County,312
VA,York County,837
VT,Addison County,191
VT,Bennington County,448
VT,Caledonia County,202
VT,Chittenden County,1500
VT,Essex County,33
VT,Franklin County,252
VT,Grand Isle County,34
VT,Lamoille County,209
VT,Orange County,138
VT,Orleans County,190
VT,Rutland County,639
VT,Washington County,434
VT,Windham County,395
VT,Windsor County,496
WA,Adams County,105
WA,Asotin County,130
WA,Benton County,1465
WA,Chelan County,557
WA,Clallam County,403
WA,Clark County,4588
WA,Columbia County,40
WA,Cowlitz County,1176
WA,Douglas County,180
WA,Ferry County,64
WA,Franklin County,511
WA,Garfield County,16
WA,Grant County,655
WA,Grays Harbor County,634
WA,Island County,344
WA,Jefferson County,174
WA,King County,29075
WA,Kitsap County,2538
WA,Kittitas County,300
WA,Klickitat County,121
WA,Lewis County,813
WA,Lincoln County,69
WA,Mason County,331
WA,Okanogan County,266
WA,Pacific County,184
WA,Pend Oreille County,135
WA,Pierce County,11521
WA,San Juan County,93
WA,Skagit County,1061
WA,Skamania County,56
WA,Snohomish County,8293
WA,Spokane County,9690
WA,Stevens County,259
WA,Thurston County,3154
WA,Wahkiakum County,22
WA,Walla Walla County,420
WA,Whatcom County,1936
WA,Whitman County,294
WA,Yakima County,3402
WI,Adams County,138
WI,Ashland County,196
WI,Barron County,460
WI,Bayfield County,149
WI,Brown County,3953
WI,Buffalo County,83
WI,Burnett County,160
WI,Calumet County,354
WI,Chippewa County,660
WI,Clark County,252
WI,Columbia County,657
WI,Crawford County,118
WI,Dane County,7313
WI,Dodge County,985
WI,Door County,489
WI,Douglas County,796
WI,Dunn County,818
WI,Eau Claire County,1506
WI,Florence County,40
WI,Fond du Lac County,1069
WI,Forest County,71
WI,Grant County,446
WI,Green County,290
WI,Green Lake County,222
WI,Iowa County,278
WI,Iron County,128
WI,Jackson County,195
WI,Jefferson County,1184
WI,Juneau County,255
WI,Kenosha County,2280
WI,Kewaunee County,213
WI,La Crosse County,969
WI,Lafayette County,119
WI,Langlade County,186
WI,Lincoln County,274
WI,Manitowoc County,863
WI,Marathon County,1267
WI,Marinette County,418
WI,Marquette County,137
WI,Menominee County,4
WI,Milwaukee County,15441
WI,Monroe County,376
WI,Oconto County,369
WI,Oneida County,662
WI,Outagamie County,2563
WI,Ozaukee County,1250
WI,Pepin County,75
WI,Pierce County,663
WI,Polk County,702
WI,Portage County,659
WI,Price County,201
WI,Racine County,3670
WI,Richland County,121
WI,Rock County,1641
WI,Rusk County,143
WI,Sauk County,726
WI,Sawyer County,213
WI,Shawano County,409
WI,Sheboygan County,1524
WI,St  Croix County,1
WI,St. Croix County,1659
WI,Taylor County,192
WI,Trempealeau County,193
WI,Vernon County,160
WI,Vilas County,488
WI,Walworth County,1669
WI,Washburn County,141
WI,Washington County,1621
WI,Waukesha County,5918
WI,Waupaca County,572
WI,Waushara County,234
WI,Winnebago County,2051
WI,Wood County,684
WV,Barbour County,57
WV,Berkeley County,1051
WV,Boone County,212
WV,Braxton County,205
WV,Brooke County,176
WV,Cabell County,2702
WV,Calhoun County,25
WV,Clay County,59
WV,Doddridge County,14
WV,Fayette County,792
WV,Gilmer County,18
WV,Grant County,47
WV,Greenbrier County,473
WV,Hampshire County,69
WV,Hancock County,279
WV,Hardy County,67
WV,Harrison County,658
WV,Jackson County,475
WV,Jefferson County,524
WV,Kanawha County,4519
WV,Lewis County,156
WV,Lincoln County,173
WV,Logan County,685
WV,Marion County,728
WV,Marshall County,120
WV,Mason County,278
WV,McDowell County,47
WV,Mercer County,1164
WV,Mineral County,102
WV,Mingo County,202
WV,Monongalia County,872
WV,Monroe County,43
WV,Morgan County,194
WV,Nicholas County,205
WV,Ohio County,527
WV,Pendleton County,24
WV,Pleasants County,29
WV,Pocahontas County,45
WV,Preston County,143
WV,Putnam County,1014
WV,Raleigh County,1587
WV,Randolph County,170
WV,Ritchie County,52
WV,Roane County,184
WV,Summers County,46
WV,Taylor County,49
WV,Tucker County,38
WV,Tyler County,33
WV,Upshur County,188
WV,Wayne County,437
WV,Webster County,29
WV,Wetzel County,96
WV,Wirt County,23
WV,Wood County,1898
WV,Wyoming County,65
WY,Albany County,262
WY,Big Horn County,80
WY,Campbell County,346
WY,Carbon County,177
WY,Converse County,99
WY,Crook County,39
WY,Fremont County,301
WY,Goshen County,101
WY,Hot Springs County,88
WY,Johnson County,107
WY,Laramie County,868
WY,Lincoln County,101
WY,Natrona County,768
WY,Niobrara County,18
WY,Park County,239
WY,Platte County,127
WY,Sheridan County,279
WY,Sublette County,71
WY,Sweetwater County,368
WY,Teton County,176
WY,Uinta County,133
WY,Washakie County,74
WY,Weston County,40
